Question,Answer
"Hi","How Can I help you?"
"What are signs of postpartum depression?","Symptoms include sadness, anxiety, loss of interest in activities, and difficulty bonding with the baby. Seek professional help if needed."
"What food should I eat after delivery?","Focus on high-protein foods, healthy fats, and hydration. Include leafy greens, nuts, and dairy for recovery."
"When should I start solid food for my baby?","Start solid food at around 6 months, beginning with soft, mashed foods like bananas or rice cereal."
"How can I increase breast milk supply?","Stay hydrated, eat a balanced diet, nurse frequently, and try lactation-boosting foods like oats and fenugreek."
"How much sleep does a newborn need?","Newborns sleep about 14-17 hours a day, waking every 2-4 hours for feeding."
"What are common breastfeeding challenges?","Issues include sore nipples, low milk supply, and latch problems. Consulting a lactation specialist can help."
"Is it normal for a baby to spit up?","Yes, spitting up is normal and usually not a concern unless excessive or causing discomfort."
"What exercises are safe after childbirth?","Start with gentle walks and pelvic floor exercises. Avoid high-impact workouts until cleared by a doctor."
"How do I soothe a colicky baby?","Try swaddling, white noise, rocking, or gentle tummy massages to comfort a colicky baby."
"When should I introduce a sippy cup?","Around 6-9 months, offer a sippy cup with water to help transition from a bottle."
"How can I manage sleep deprivation as a new mom?","Take naps when possible, ask for help, and follow a sleep routine for your baby."
"Why is my baby crying so much?","Crying can be due to hunger, discomfort, tiredness, gas, or needing comfort."
"How do I know if my baby is getting enough breast milk?","Signs include regular wet diapers, weight gain, and contentment after feeding."
"What vaccinations does my baby need?","Follow the pediatrician's immunization schedule, starting with Hepatitis B at birth."
"Can I drink coffee while breastfeeding?","Yes, but limit caffeine intake to avoid affecting the baby’s sleep."
"When will my baby start teething?","Most babies start teething around 4-7 months, with symptoms like drooling and gum discomfort."
"What are good first foods for my baby?","Start with soft, single-ingredient foods like mashed bananas, avocado, or sweet potatoes."
"How do I prevent diaper rash?","Change diapers frequently, keep the area dry, and use a gentle diaper cream if needed."
"What are signs my baby is ready for solid food?","Signs include sitting up with support, showing interest in food, and losing the tongue-thrust reflex."
"How often should I bathe my newborn?","2-3 times a week is enough; daily baths can dry out their skin."
"Why does my baby wake up at night?","Night waking is normal due to hunger, discomfort, or needing reassurance."
"When should I start tummy time?","Start tummy time from day one, a few minutes at a time, increasing gradually."
"Can I swaddle my baby?","Yes, swaddling helps newborns feel secure, but stop once they start rolling over."
"What should I do if my baby has a fever?","If under 3 months, contact a doctor immediately. For older babies, monitor temperature and keep them hydrated."
"Is pacifier use safe?","Yes, pacifiers can soothe babies, but wean them off by age 2 to prevent dental issues."
"How do I introduce new foods to my baby?","Introduce one food at a time, waiting 3-5 days to check for allergies."
"When should my baby start crawling?","Most babies crawl between 6-10 months, but some skip crawling and go straight to walking."
"What are the benefits of skin-to-skin contact?","It helps bonding, regulates the baby’s temperature, and supports breastfeeding."
"How can I relieve my baby’s gas?","Try burping after feeds, gentle tummy massages, and bicycle leg movements."
"Can I exercise while breastfeeding?","Yes, moderate exercise is safe and does not affect milk supply."
"When should my baby start talking?","Babies say their first words around 12 months, but babbling starts earlier."
"How do I transition my baby to their own crib?","Start with naps in the crib, use a consistent bedtime routine, and gradually increase crib time."
"What are signs my baby is teething?","Drooling, irritability, gum swelling, and chewing on objects are common teething signs."
"When should I stop breastfeeding?","It’s a personal choice, but WHO recommends breastfeeding for at least 2 years."
"What are common postpartum recovery symptoms?","Bleeding, fatigue, mood swings, and mild cramping are normal postpartum symptoms."
"How do I know if my baby has a food allergy?","Watch for signs like rashes, vomiting, diarrhea, or difficulty breathing after new foods."
"How can I help my baby sleep through the night?","Establish a bedtime routine, create a dark and quiet environment, and practice gentle sleep training."
"What are good snacks for breastfeeding moms?","Healthy options include nuts, yogurt, fruits, whole grains, and protein bars."
"When should I introduce cow’s milk?","After 12 months, whole cow’s milk can be introduced in small amounts."
"How can I reduce postpartum hair loss?","Eat a nutrient-rich diet, take prenatal vitamins, and avoid excessive heat styling."
"What should I do if my baby refuses to eat?","Try offering food in different textures, keep mealtimes stress-free, and avoid force-feeding."
"How do I bond with my newborn?","Skin-to-skin contact, talking, singing, and gentle touch help build a strong bond."
"Can I drink alcohol while breastfeeding?","Occasional drinking is okay, but wait at least 2 hours per drink before nursing."
"What are signs of dehydration in babies?","Fewer wet diapers, dry lips, sunken soft spot, and lethargy can indicate dehydration."
"When should I introduce a bedtime routine?","Start as early as 6-8 weeks with a simple routine like bath, feeding, and lullabies."
"What are safe ways to relieve postpartum pain?","Use ice packs, warm baths, pain relievers (as prescribed), and rest as much as possible."
"How do I handle separation anxiety in my baby?","Practice short separations, offer comfort objects, and maintain a consistent goodbye routine."
"When should I take my baby to the dentist?","Schedule the first dental visit by the first birthday or when the first tooth appears."
"How do I wean my baby off breastfeeding?","Gradually replace breastfeeds with solid food or formula, and offer comfort in other ways."
"Can you help with nighttime feedings or diaper changes?","Sharing nighttime duties helps both parents adjust to the demands of a newborn and ensures the mom gets some rest."
"Are you comfortable caring for the baby alone if I need a break?","Many new moms worry about leaving their baby even briefly. Partners can reassure them by learning basic baby care and offering support."
"Can you take over for a while so I can shower or nap?","Offering to take care of the baby during these moments can make a big difference in a new mom's day."
"What’s your plan for bonding with the baby?","Encouraging partners to participate in activities like feeding, bathing, or skin-to-skin contact strengthens their bond with the baby."
"Do you think I’m doing okay as a mom?","Reassuring her that she’s doing well and acknowledging her efforts can boost her confidence."
"Can we talk about how I’m feeling?","Postpartum emotions can be overwhelming. Partners should listen without judgment and encourage seeking professional help if needed."
"How do you feel about our new routine?","Open communication helps both partners adjust to the changes in their relationship and household dynamics."
"Can we share household chores more evenly?","New moms often feel overwhelmed by balancing baby care and chores. Partners can step in by taking on specific tasks like cooking or cleaning."
"Can you handle grocery shopping or errands this week?","Taking over these responsibilities allows new moms to focus on recovery and baby care."
"How can we divide responsibilities better?","Discussing a fair division of tasks ensures neither partner feels overburdened."
"How will we manage finances now that we have a baby?","Reviewing budgets together helps ease financial stress and ensures both partners are on the same page."
"What’s our plan for childcare when I go back to work?","Discussing options like daycare, nannies, or flexible work schedules is essential for planning ahead."
"How will we make time for each other as a couple?","Prioritizing date nights or quiet moments together helps maintain the relationship amidst parenting challenges."
"Why does my baby have hiccups?","Hiccups in babies are common and usually harmless. They often happen when the baby swallows air while feeding."
"What temperature is safe for my baby's bath?","The bathwater should be warm, not hot, ideally around 37-38°C (98-100°F)."
"Can I use baby wipes on my newborn?","Yes, use fragrance-free and sensitive skin baby wipes to clean your newborn."
"When will my baby start smiling?","Babies usually start smiling socially at around 6-8 weeks of age."
"When can I start using sunscreen on my baby?","Avoid sunscreen before 6 months; instead, keep your baby shaded and clothed to protect from the sun."
"Do you think I’m doing okay as a mom?","Reassuring her that she’s doing well and acknowledging her efforts can boost her confidence."
"How can I help you feel less overwhelmed?","Listening to her concerns, offering reassurance, and helping with specific tasks can reduce stress for new moms."
"Can we talk about how I’m feeling?","Postpartum emotions can be overwhelming. Partners should listen without judgment and encourage seeking professional help if needed."
"What can I do to make you feel supported?","Small acts like preparing meals, giving compliments, or simply being present can go a long way."
"How do you feel about our new routine?","Open communication helps both partners adjust to the changes in their relationship and household dynamics."
"How can we make your recovery easier?","Creating a calm, organized environment and assisting with postpartum recovery tasks can help immensely."
"Do you feel heard when we talk about parenting?","Validating her feelings and decisions strengthens trust and communication in the relationship."
"Can I take care of the baby so you can rest?","Offering to care for the baby lets her rest and recover physically and emotionally."
"What’s the best way to comfort you when you're feeling down?","Ask her directly, listen patiently, and offer nonjudgmental support or help with specific needs."
"Are you feeling connected to the baby?","Postpartum bonding takes time, and reassurance can ease feelings of doubt or stress."
"What’s one thing I can do today to make life easier for you?","Taking initiative and helping her with a specific task she’s struggling with shows care and understanding."
"How do you feel emotionally today?","Encouraging her to open up and talk about her feelings helps her feel heard and supported."
"Can I give you a moment to yourself?","Helping her take breaks when she feels overwhelmed lets her recharge and focus better on her needs."
"What can we do together to enjoy parenthood more?","Collaborative activities like walking with the baby or watching a movie help strengthen the connection between partners."
"Do you want me to prepare dinner or help with household chores?","Taking over tasks reduces her stress and helps her focus on recovering and bonding with the baby."
"How can we balance time with the baby and with each other?","Discussing schedules and working together to prioritize couple time helps maintain emotional connection."
"Are there things you'd like me to learn about baby care?","Showing interest and willingness to learn baby care routines builds teamwork and relieves stress."
"Would you like to talk about anything that's worrying you?","Being open to discussing her concerns and fears shows empathy and strengthens communication."
"Can I plan a fun activity for us to unwind?","Suggesting something relaxing, like a short outing or date night, shows you care about her well-being."
"Is there anything you're struggling with today?","Offering help with her challenges shows emotional attentiveness and commitment to support."
"Do you want me to take the lead on some decisions today?","Taking charge for a day can give her a break from decision-making fatigue and stress."
"Are you feeling judged about your parenting choices?","Acknowledging societal pressure and reassuring her can ease insecurities about her parenting."
"How can I support my partner emotionally after childbirth?","Be patient, listen without judgment, and offer help with baby care and household tasks to reduce stress."
"What are ways to reconnect with my partner after having a baby?","Spend quality time together, communicate openly, and prioritize small moments of intimacy like holding hands or sharing a meal."
"How can I help my partner feel confident as a new mom?","Reassure her that she’s doing a great job, acknowledge her efforts, and remind her that it’s okay to ask for help."
"When is it safe to resume sexual activity after childbirth?","It’s generally safe after 4-6 weeks, but it’s important to consult a doctor and ensure both partners feel ready."
"How can we maintain intimacy while caring for a newborn?","Focus on small gestures like cuddling, sharing compliments, and finding moments to connect emotionally, even if physical intimacy is limited."
"What should I do if my partner feels insecure about her body after childbirth?","Offer genuine compliments, avoid comparisons, and remind her of the amazing things her body has accomplished."
"How can I balance parenting and maintaining a healthy relationship?","Set aside time for each other, communicate openly about challenges, and share responsibilities to avoid burnout."
"What are ways to improve communication with my partner?","Practice active listening, express appreciation, and schedule regular check-ins to discuss feelings and concerns."
"How can I help my partner manage postpartum stress?","Encourage her to take breaks, offer to care for the baby, and suggest activities like light exercise or relaxation techniques."
"What are tips for rebuilding intimacy after childbirth?","Start with open conversations about feelings, take things slow, and focus on emotional closeness before physical intimacy."
"How can I support my partner if she’s experiencing postpartum depression?","Encourage her to seek professional help, offer emotional support, and remind her that she’s not alone in this journey."
"What are ways to keep the spark alive in our relationship?","Plan small surprises, share affectionate gestures, and make time for activities you both enjoy."
"How can I help my partner feel less overwhelmed?","Take over specific tasks, encourage her to rest, and remind her that she doesn’t have to do everything alone."
"What are safe ways to explore intimacy after childbirth?","Start with gentle affection like massages or cuddling, and communicate openly about comfort levels and readiness."
"How can I make my partner feel appreciated?","Express gratitude for her efforts, acknowledge her sacrifices, and show love through small, thoughtful actions."
"What should I do if my partner feels disconnected from me?","Have an honest conversation about feelings, spend quality time together, and work on rebuilding emotional intimacy."
"How can we manage time for ourselves as a couple?","Create a schedule that includes time for just the two of you, even if it’s a short walk or a quiet dinner at home."
"What are ways to rebuild trust and connection after a stressful period?","Be patient, communicate openly, and focus on rebuilding emotional closeness through shared experiences."
"How can I help my partner feel comfortable discussing intimacy?","Create a safe space for open conversations, listen without judgment, and reassure her that her feelings are valid."
"What are tips for maintaining a healthy sexual relationship after childbirth?","Be patient, communicate openly about desires and concerns, and focus on rebuilding intimacy gradually."
"How can I show my partner that I value her as a mother?","Acknowledge her strengths as a parent, offer to share parenting responsibilities, and express gratitude for her dedication."
"What are general tips for parenting?","Be patient, listen to your child, set boundaries with love, and always lead by example."
"How can I encourage good behavior in my child?","Use positive reinforcement, be consistent with rules, and model the behavior you want to see."
"What are effective ways to discipline my child?","Focus on teaching rather than punishing. Use timeouts, loss of privileges, or logical consequences when needed."
"How can I manage sibling rivalry?","Encourage teamwork, give individual attention to each child, and teach conflict resolution skills."
"How do I teach my child empathy?","Model empathetic behavior, discuss emotions openly, and encourage them to consider how others feel."
"What should I do when my child throws a tantrum?","Stay calm, validate their feelings, and wait for them to calm down before discussing the issue."
"How can I build a strong bond with my child?","Spend quality time together, show affection, and actively listen to what they say."
"What’s the best way to handle picky eaters?","Offer a variety of healthy foods, avoid forcing them to eat, and set a good example by eating nutritious meals yourself."
"How can I make learning fun for my child?","Incorporate games, hands-on activities, and real-world applications into their learning routine."
"What are tips for managing screen time?","Set clear time limits, provide alternative activities, and co-watch educational content to engage with your child."
"How can I help my child develop good sleep habits?","Establish a consistent bedtime routine, avoid screen time before bed, and create a comfortable sleep environment."
"What can I do to boost my child’s confidence?","Praise their efforts rather than results, encourage them to try new things, and support them in their interests."
"How can I help my child manage stress?","Teach them relaxation techniques, create a supportive environment, and encourage open communication about their feelings."
"What are tips for potty training?","Be patient, use positive reinforcement, and watch for signs that your child is ready, like staying dry for longer periods."
"How do I support my child’s emotional development?","Help them identify and express their emotions, validate their feelings, and guide them in managing difficult emotions."
"How can I encourage independence in my child?","Allow them to make age-appropriate decisions, assign small responsibilities, and provide guidance without overcontrolling."
"What’s the best way to introduce new foods to my child?","Start with small portions, make it fun, and encourage them to try at least one bite without pressure."
"How do I teach my child about responsibility?","Give them age-appropriate tasks, explain the importance of responsibility, and praise their efforts when they follow through."
"What are tips for traveling with kids?","Plan ahead, pack snacks and entertainment, and be flexible with schedules to accommodate their needs."
"How can I foster creativity in my child?","Encourage open-ended play, provide art supplies and materials, and support their curiosity by exploring their interests together."
"How can I help my child develop social skills?","Organize playdates, teach them to share, and encourage them to say 'please' and 'thank you.'"
"What’s the best way to handle separation anxiety in children?","Start with short separations, use comfort objects, and maintain a consistent goodbye routine."
"How do I teach my child about healthy eating habits?","Involve them in meal preparation, educate them about nutrition, and create a positive mealtime environment."
"How can I encourage physical activity in my child?","Make exercise fun with games or sports, limit sedentary activities, and be an active role model."
"What’s the best way to handle bullying?","Talk to your child about their feelings, involve teachers if necessary, and help them build confidence to respond assertively."
"How can I encourage my child to read?","Provide a variety of books, read with them regularly, and make reading a fun and relaxed activity."
"What are tips for managing homework stress?","Create a designated study space, break tasks into smaller steps, and offer support without doing the work for them."
"How do I teach my child about gratitude?","Model gratitude yourself, involve them in acts of kindness, and encourage them to express thanks."
"What are ways to strengthen the parent-child relationship?","Spend one-on-one time with your child, show interest in their activities, and express love and appreciation regularly."
"What are the signs of a milk protein allergy in infants?","Symptoms can include excessive gas, bloating, diarrhea, vomiting, rash (eczema, hives), and blood in the stool. Consult your pediatrician if you suspect an allergy."
"How can I manage visitors after the baby is born?","It's okay to set boundaries. Limit the number and duration of visits, ask people to wash their hands, and don't hesitate to say you're not up for visitors if you need rest."
"When can my baby start rolling over?","Most babies start rolling from tummy to back around 3-4 months, and from back to tummy around 5-6 months. Always supervise during tummy time."
"What are the guidelines for car seat safety?","Use a rear-facing car seat for as long as your baby meets the height and weight limits specified by the manufacturer (usually until at least age 2). Ensure the car seat is installed correctly in the back seat."
"How can I establish a good sleep environment for my baby?","Keep the room dark, quiet, and at a comfortable temperature. Use a consistent bedtime routine."
"What are the symptoms of postpartum anxiety?","Symptoms can include excessive worry, restlessness, irritability, difficulty sleeping (even when the baby sleeps), and panic attacks. Seek help from your doctor if you experience these."
"When can I start exercising after giving birth?","Generally, you can start light exercise like walking soon after a vaginal birth. For C-sections, wait for your doctor's clearance, usually around 6-8 weeks."
"How do I handle night feedings?","Keep the room dimly lit and quiet during night feedings. Feed and change your baby calmly and put them back to sleep as soon as they are done to minimize disruption."
"What are some tips for soothing a colicky baby?","Try swaddling, rocking, white noise, car rides, warm baths, and ensuring all their basic needs are met. Sometimes, just holding them close provides comfort."
"When should I introduce water to my baby?","Babies don't need water until they start eating solid foods around 6 months of age. Before that, breast milk or formula provides all the necessary hydration."
"What are normal newborn reflexes?","Normal reflexes include sucking, rooting, grasping, Moro (startle), and stepping reflexes. These typically disappear within the first few months."
"How do I care for a circumcision?","Keep the area clean and apply petroleum jelly with each diaper change for the first few days to prevent the diaper from sticking."
"What are the signs of a urinary tract infection (UTI) in a baby?","Symptoms can include fever, irritability, poor feeding, vomiting, and changes in urine odor or frequency. Contact your pediatrician if you suspect a UTI."
"When can my baby start sitting up?","Most babies start sitting up independently between 6 and 8 months of age."
"How do I choose safe toys for my baby?","Choose toys that are age-appropriate, non-toxic, have no small parts that could be a choking hazard, and are durable."
"What are the benefits of babywearing?","Babywearing keeps your baby close, promotes bonding, can soothe a fussy baby, and allows you to have your hands free."
"When can my baby start eating pureed foods?","Around 6 months of age, when they show signs of readiness for solids."
"How do I introduce new foods to my baby?","Introduce one new food at a time and wait 2-3 days before introducing another to watch for any allergic reactions."
"What are common sleep regressions in the first year?","Common sleep regressions can occur around 4 months, 6 months, 8-10 months, and 12 months, often coinciding with developmental milestones."
"How can I support my partner after the baby is born?","Offer practical help with feeding, diaper changes, and household chores. Encourage them to rest, listen to their feelings, and be patient as you both adjust."
"When can my baby start drinking from a sippy cup?","Most babies can start learning to drink from a sippy cup around 6-9 months of age."
"What are the signs of an ear infection in an infant?","Symptoms can include fever, fussiness, ear pulling, difficulty sleeping, and fluid draining from the ear. See your pediatrician if you suspect an ear infection."
"How can I create a safe environment for my baby as they start to move?","Babyproof your home by securing furniture, covering outlets, keeping small objects out of reach, and installing safety gates on stairs."
"When can my baby start crawling?","Most babies start crawling between 6 and 10 months, but some may scoot or skip crawling altogether."
"What are the benefits of reading to my baby?","Reading promotes language development, cognitive skills, and bonding."
"How do I choose a pediatrician?","Ask for recommendations from your OB-GYN, friends, or family. Schedule a meet-and-greet to see if their style and approach are a good fit for you."
"What are some activities I can do with my newborn?","Gentle rocking, singing, talking, showing them high-contrast pictures, and supervised tummy time are good activities for newborns."
"When can my baby start babbling?","Babies typically start babbling (repeating consonant-vowel sounds like 'ba-ba') around 6-9 months of age."
"How do I handle sibling rivalry when a new baby arrives?","Prepare older siblings beforehand, involve them in caring for the baby, and ensure they still get one-on-one attention."
"What are the signs of a developmental delay?","Concerns about developmental milestones should be discussed with your pediatrician. General signs can include significant delays in motor skills, language, social interaction, or cognitive development."
"How can I find support groups for new mothers?","Ask your hospital, birthing center, or pediatrician for local recommendations. Online support groups are also widely available."
"When can my baby start walking?","Most babies start walking independently between 9 and 15 months of age."
"How do I know if my baby has a fever?","Take your baby's temperature rectally (most accurate for infants). A temperature of 100.4°F (38°C) or higher is considered a fever for babies under 3 months, and you should call your doctor immediately."
"What are some tips for traveling with a baby?","Plan ahead, pack essentials, allow for extra time, and try to maintain your baby's routine as much as possible."
"How can I help my baby adjust to daycare?","Start with short visits, talk positively about daycare, and be consistent with drop-offs and pick-ups."
"When can my baby start eating finger foods?","Around 9-12 months, when they have developed a pincer grasp (ability to pick up small objects between thumb and forefinger)."
"What are some common concerns about baby poop?","Changes in color (green, yellow, brown are usually normal), consistency (soft and seedy for breastfed, pastier for formula-fed), and frequency are common. Report any persistent diarrhea, constipation, blood, or mucus to your pediatrician."
"How can I encourage language development in my baby?","Talk to your baby frequently, describe what you're doing, read books, and respond to their coos and babbles."
"When can my baby start drinking cow's milk?","The American Academy of Pediatrics recommends waiting until your baby is 1 year old to introduce cow's milk."
"What are some signs of a food allergy?","Signs can include hives, rash, swelling, vomiting, diarrhea, and difficulty breathing. Introduce new foods one at a time to monitor for reactions."
"How can I bond with my baby?","Spend quality time holding, cuddling, talking, singing, and making eye contact with your baby."
"When can my baby start watching screens?","The AAP recommends avoiding screen time (except for video-chatting with family) for children younger than 18 months. For children 18-24 months, choose high-quality programming and watch with them."
"What are some ways to soothe a baby during vaccinations?","Offer a feeding (breast or bottle) or a pacifier, hold them close, and distract them with a toy or gentle talking."
"How can I prepare for going back to work after maternity leave?","Plan childcare arrangements, practice your new routine, and talk to your employer about your needs."
"What are some tips for dealing with sleep deprivation?","Nap when the baby naps, accept help from others, prioritize sleep, and don't hesitate to ask for support."
"How do I know if my baby is teething and in pain?","They may be more fussy, drool more, want to chew on things, and have slightly swollen gums. Offer safe teething toys and talk to your pediatrician about pain relief if needed."
"When can my baby start to stand with support?","Most babies start pulling themselves up to stand around 9-12 months."
"What are some signs of postpartum depression?","Symptoms include persistent sadness, anxiety, feelings of hopelessness, changes in appetite or sleep, difficulty bonding with the baby, and thoughts of harming yourself or the baby. Seek help immediately if you experience these."
"How can I manage stress as a new mom?","Prioritize self-care, connect with other parents, accept help, get enough rest, and talk to someone if you're feeling overwhelmed."
"When can my baby start cruising (walking while holding onto furniture)?","Cruising typically starts between 10 and 14 months."
"What are some safe ways to warm a bottle?","Use a bottle warmer or place the sealed bottle in a bowl of warm water for a few minutes. Test the temperature on your wrist before feeding."